day,muscleMass,anabolicMean,catabolicMean,originMuscleMass,originAnabolicMean,originCatabolicMean
1,1949.1231742300454,50.00882252746286,52.0
2,1948.138647218576,50.0,52.0
3,1947.154120207106,50.0,52.0
4,1946.1695931956365,50.0,52.0
5,1948.3871374538016,80.9118364216636,74.0085856898365
6,1951.2356676833163,72.31849421066758,64.53914967775876
7,1954.5996911342895,64.01289349520117,55.91748866053292
8,1956.2945566140354,56.238521849571136,52.423330500387536
9,1955.807663989707,51.08411793567835,52.017556255725644
10,1958.3426063509805,82.40580809528946,74.37627747644873
11,1961.5275810095548,73.77693315363756,64.91098254972539
12,1965.2936315528452,65.43243016058157,56.20557608000333
13,1967.4073630930059,57.50462406113315,52.55394251377479
14,1967.2300212593184,51.80793009221251,52.017068740707046
15,1969.9671596604219,83.10941549211385,74.37633120190208
16,1973.3710672009086,74.4706579415766,64.9154827320103
17,1977.302522955225,66.1169617480181,56.294395051686486
18,1979.6141489119852,58.217675094594306,52.571561807017744
19,1979.5684688214465,52.23257817065989,52.03701812462243
20,1982.455520365734,84.48154306596551,75.16040579214702
21,1986.0011940088623,75.80998760445942,65.67258889991938
22,1990.1325578981766,67.41847018126006,56.8236787841816
23,1992.9043876486373,59.38495844991385,52.57871951713404
24,1993.048469743924,52.67509614030732,52.06253401465878
25,1996.0047541387185,83.92356316637263,74.39611093960583
26,1999.6441958679584,75.28506214416299,64.94774880997606
27,2003.8628537756617,66.92600739312641,56.18526243096535
28,2006.3717990205023,58.89557109027027,52.619355058183054
29,2006.4747984217124,52.60139488397476,52.0272391002714
30,2009.50972008979,86.67427681649156,76.61135566546916
31,2013.2047437049819,77.96192215942293,67.08997337342856
32,2017.5218561915683,69.5244623892301,58.09736745183126
33,2020.8986615809174,61.384514245329555,52.8158523941801
34,2021.5695780470087,54.06335824422959,52.06551808240511
35,2024.8782841243396,85.53068569491688,74.60236582126856
36,2028.8593604773516,76.87226707647855,65.16599283722688
37,2033.288543398527,68.48974280939791,56.496969146505855
38,2036.1433726592882,60.426457479467246,52.740245372030195
39,2036.634016038593,53.7343727463272,52.03584637677405
40,2039.8580858200032,85.53074636671121,74.82908695000125
41,2043.7331209901774,76.8843962463518,65.39438679048173
42,2048.0886686507615,68.51338431251219,56.62983906664162
43,2050.9686404633035,60.441355330189495,52.67894969576283
44,2051.385360182156,53.62158285470598,52.04608374121258
45,2054.615664416546,86.68131303407023,75.8442008106699
46,2058.491491741113,78.0117872350251,66.38313376609317
47,2062.940613833693,69.61505184483421,57.40587628651257
48,2066.2652198906003,61.51388982841041,52.85744702520054
49,2066.816981268613,54.09959737894829,52.11342234109744
50,2070.120555996936,86.63171951759296,75.49853611814342
51,2074.083571349242,77.97964941596025,66.06199621883653
52,2078.6100821283662,69.59941572070356,57.194273845970955
53,2081.897666917865,61.51404060836316,52.82694186361744
54,2082.569606884955,54.353681845934574,52.10642838351556
55,2085.9416578266305,86.69641371264542,75.34640358727744
56,2089.980707843429,78.05710793369283,65.952195171821
57,2094.5382793938315,69.68827693889591,57.14213574882315
58,2097.8442756875993,61.62887015278365,52.76773792950406
59,2098.5897126127966,54.42282889335128,52.065021139474524
60,2102.001487458549,87.22097030428957,75.667767591513
61,2106.073238642419,78.58241483326195,66.24869061807452
62,2110.6202030834697,70.2132847167998,57.412326739314864
63,2113.91860855373,62.14122960497282,53.03794080724638
64,2114.761774208134,55.005725502076494,52.15537286360931
65,2118.2812402823215,88.90998886022707,76.64984618774228
66,2122.4198975954337,80.23328396970315,67.20514769936253
67,2127.042969225897,71.82238573217957,58.23843369072635
68,2130.9116967333225,63.69909237271937,52.97622887341588
69,2132.2179020435806,56.074741712484155,52.163345562798085
70,2135.977095176349,88.68427773928386,75.65010293039262
71,2140.364403503976,80.03111910659727,66.25424911446585
72,2145.152409514113,71.64297840018212,57.458291196296074
73,2148.891582681124,63.54193558436796,52.85528207501964
74,2150.162940785759,55.95104106599159,52.11694844393172
75,2153.912137471565,88.85313205968217,75.8358552602261
76,2158.2788103915977,80.20892729438626,66.44460300223639
77,2163.042308075247,71.82887439725548,57.624980533495986
78,2166.9319319391716,63.735009087620405,52.84235573851156
79,2168.357779083467,56.22208483096736,52.0963306888983
80,2172.1616112248134,87.92589530210617,74.86823848467513
81,2176.6007104971377,79.32556142659827,65.5245367916846
82,2181.390676841298,70.99084605471374,56.82533535729724
83,2185.0256804616406,62.95014538516217,52.88645098793452
84,2186.131854010752,55.6135069482452,52.154930974850025
85,2189.803482611293,89.97284159084414,77.02343277078344
86,2194.1051834449536,81.32799859249978,67.61441093274775
87,2198.8763187593954,72.94492907276184,58.65300953100814
88,2202.8822892187923,64.84466368907506,53.267774094128264
89,2204.499064002121,57.24276954371734,52.27779598570104
90,2208.452104546579,90.87859789599221,76.60052027394624
91,2212.968952630485,82.22492324133931,67.220988854799
92,2217.8265901806926,73.82983579713868,58.36416849499669
93,2222.0400839457516,65.71439533069564,53.135923363989825
94,2223.9387883922886,57.99685278682528,52.2374384483797
95,2228.061627324476,92.00820480470486,76.87597095887749
96,2232.7255500973374,83.33781831500222,67.49667882882996
97,2237.6705505256564,74.92356622350657,58.60700541045924
98,2242.05891058846,66.78613854894093,53.179203700756645
99,2244.3301246679075,59.06048083342416,52.176841028569534
100,2248.6841401165325,93.58716334842524,77.24918951573306
101,2253.5123811727376,84.88886875711404,67.86958257680726
102,2258.565081538006,76.4441596948282,58.96331887693828
103,2263.184503736749,68.2726353822317,53.294576257568146
104,2265.8505607135844,60.41819619485925,52.28853338591359
105,2270.411031585996,94.63531886613066,77.14092771177984
106,2275.417361590235,85.92502824771236,67.77875766684625
107,2280.4817378729645,77.46582217520566,58.86127258963223
108,2285.203269765565,69.27698596798552,53.1912829083997
109,2288.2403099322446,61.41657893651593,52.307472468914824
110,2292.988291240699,95.68682257322017,77.21798362509925
111,2298.1061488394307,86.97048850277162,67.86923311768385
112,2303.209484473459,78.50231961281455,58.96591954932099
113,2307.934960724028,70.30120501650825,53.483678353959526
114,2311.102199265898,62.38841600213518,52.38934588897794
115,2315.9232583401204,98.95198456612911,79.13876350221568
116,2321.0784822440655,90.16488507774275,69.73661678944796
117,2326.2257909664663,81.62064713633933,60.7052015747098
118,2331.1651656956337,73.33642662726885,53.824692066738656
119,2335.060199660633,65.33026574720132,52.45637406882212
120,2340.2349722234494,100.2556376729985,77.96319011351694
121,2345.5316557002343,91.45217482984137,68.6167065874661
122,2350.6594017042853,82.88817755403618,59.677619287076816
123,2355.6031973696554,74.58101206441039,53.4260968983125
124,2359.825057996173,66.54844921288088,52.318631569991545
125,2365.143659919276,101.1697520877307,77.61443299319986
126,2370.4408007118327,92.36148861482681,68.2957076867013
127,2375.562524537777,83.79058044872893,59.398525360165806
128,2380.5060955533263,75.47392066220685,53.3199020296443
129,2384.955043561937,67.4288949087239,52.32351445667929
130,2390.340092737802,103.08074088295938,78.45021012297535
131,2395.6518272623757,94.24552429568622,69.11870785012165
132,2400.7903432671224,85.64418870336428,60.22628546317509
133,2405.732285231498,77.29293099827399,53.69986270044915
134,2410.3141884043384,69.2085676968898,52.4139077290038
135,2415.7204587775245,105.09590963105997,78.75887016217396
136,2421.0367683609948,96.22893299174874,69.43202427651458
137,2426.181735441259,87.59175171560926,60.517148938480936
138,2431.1510980908474,79.20020079452597,53.55960355768501
139,2435.894190453284,71.07067366199773,52.48493522193639
140,2441.3629409326045,107.9503599288858,79.64789013080147
141,2446.6962463806162,99.0321498321858,70.30669914214339
142,2451.8573931185006,90.33974692208973,61.33262772909724
143,2456.8614152048895,81.8881855471357,54.06984378619741
144,2461.7572585192506,73.69299622540466,52.66395557440729
145,2467.2371255502153,109.72999870713232,79.20417714302964
146,2472.562421382165,100.7881694722339,69.8937197356409
147,2477.7152733101084,92.06892753895755,60.949588605045534
148,2482.7188162765397,83.58684708389491,54.03903588801466
149,2487.6577335094967,75.35698992183515,52.663816389400296
150,2493.1249591212822,110.23128231579783,78.31403964793355
151,2498.434693579347,101.29761828438326,69.0503459630138
152,2503.571450572846,92.58444782875776,60.17771868544674
153,2508.5678857034927,84.10662913997484,53.72955918408228
154,2513.5372273958383,75.87917517609877,52.60285262580791
155,2519.010804213641,111.26870490203073,78.67224387258536
156,2524.327780519153,102.32897393398105,69.40995714423829
157,2529.472147732744,93.60750662220163,60.51238977886479
158,2534.47206635073,85.11913222108198,53.85071785232926
159,2539.4424065888898,76.87863411133743,52.488438819831835
160,2544.944404771565,114.59150980377457,80.41779642569689
161,2550.292029116823,105.59071574422468,71.10949949359386
162,2555.4698433084086,96.80464538842938,62.14218118904586
163,2560.4875196408098,88.2465356076435,54.638430390249866
164,2565.4604325542086,79.93020004521988,52.61385832118085
165,2570.9532230103787,116.74108918225062,79.87786318709128
166,2576.2914780530573,107.7119740377548,70.6043948510643
167,2581.4610807422437,98.89363101931418,61.74020672199905
168,2586.468663267994,90.29936408458664,54.2234475827947
169,2591.4427752844263,81.94270189020905,52.66538074312166
170,2596.9552008761857,120.13274121477703,81.04895947617541
171,2602.314568666389,111.04612464320115,71.74751975447904
172,2607.505448128821,102.1663793065129,62.77500309893695
173,2612.526109423105,93.50597290077917,54.80056664082113
174,2617.5031382089487,85.07766456798124,52.79478925072036
175,2622.999670995372,121.79757483919919,80.06564979949665
176,2628.3427489338833,112.69336716351805,70.81239006459492
177,2633.516666900582,103.79269401286277,61.90313373790208
178,2638.527529051087,95.10824937748404,54.31389333831903
179,2643.4975957874312,86.65266233955839,52.473213019311814
180,2649.0190645398093,125.7124224389802,81.62478042603028
181,2654.3885528553437,116.54403266328777,72.33250940952829
182,2659.5911000080177,107.57529247723329,63.366755675068745
183,2664.6213329831653,98.81757540212378,55.23564062194568
184,2669.5999090940127,90.28267895055232,52.86454349288753
185,2675.111028634834,128.04706611091535,81.03907291179385
186,2680.470391299207,118.85013813482435,71.78273050342774
187,2685.662678001769,109.84883496203246,62.85721774346853
188,2690.687708281308,101.0546949673587,54.97885481751617
189,2695.6624301394486,92.47935318621602,52.68684956343877
190,2701.1832585775446,131.25304949860714,81.69578459533031
191,2706.5532219122288,122.00944828243874,72.43254234651994
192,2711.758028703378,112.95800004124732,63.52412159259413
193,2716.800948181151,104.10955179069249,55.77554304365639
194,2721.7775472501867,95.47519516436921,52.775840212120166
195,2727.2890347804255,133.22835763677057,81.02452509648803
196,2732.649015566801,123.9617885765543,71.79495128674606
197,2737.842157972307,114.88523384399956,62.894464307942606
198,2742.866626259778,106.00940149125847,54.97411233428938
199,2747.844320570029,97.3450388685729,52.82083006321326
200,2753.3737009993665,136.4728549894762,82.17708999347666
201,2758.753000252597,127.1617919810098,72.92293347051948
202,2763.9675706370112,118.03752447227475,63.99347982910234
203,2769.009944080552,109.11004773204888,55.78761290709259
204,2773.9925875367803,100.38965290869378,53.04641389410177
205,2779.5194529584805,139.02562450391272,82.0535579824452
206,2784.8969671166215,129.682202882005,72.81806157345942
207,2790.110041072266,120.5223612796354,63.903818263054525
208,2795.1503177017066,111.55618276536347,55.684691990019864
209,2800.1308720011866,102.79371504084497,52.96358593992788
210,2805.6570831830863,141.40207658926306,81.98613910763609
211,2811.033737137961,132.03175764451606,72.76534715607113
212,2816.245859017997,122.84278172912646,63.86550953625419
213,2821.2824346946095,113.84483235884966,55.55101091354683
214,2826.264398063282,105.0475783907282,53.03171104986599
215,2831.8126432352124,145.33735712051313,83.4056885321958
216,2837.213315781465,135.91131804517335,74.15111940703432
217,2842.4521174426964,126.6630823044021,65.21343095686085
218,2847.515323186957,117.60163421407327,56.72297226703606
219,2852.4994697273755,108.73616371640897,53.12627279548319
220,2858.04973433937,149.03714730621945,83.55733041675522
221,2863.4529545542373,139.56203899335966,74.31161119497197
222,2868.6948885359834,130.26107799409797,65.3817186663465
223,2873.7655375056047,121.14289478308514,57.04057470118464
224,2878.7492411636595,112.21633907693582,53.10154268822108
225,2884.280271154479,150.9261180185261,82.34670075670131
226,2889.663072150998,141.43599049095025,73.15482598989149
227,2894.8828726920824,132.1179083604387,64.28090101807227
228,2899.9308477251075,122.98052032430654,56.06163057336146
229,2904.9146397705035,114.03249368429914,53.11483896068975
230,2910.464343946448,154.1695301596161,83.55873232141163
231,2915.8672852717405,144.64049254826597,74.33980223237131
232,2921.1094534886347,135.2808582856575,65.43858289351682
233,2926.1784278611785,126.09874706768521,57.02235814816796
234,2931.16667785871,117.10249482848816,53.32099143829462
235,2936.7376632933633,158.70472582383496,84.94210223218812
236,2942.1637505023173,149.11565888932157,75.69054399600704
237,2947.431463804348,139.692292681191,66.75007380510677
238,2952.5281455501517,130.4422633703865,58.260166080679255
239,2957.518379728872,121.3735293502745,53.40917436184381
240,2963.067514179608,160.86527558435566,83.54914675709661
241,2968.470571317271,151.25741337163745,74.35671074432042
242,2973.713349427397,141.8131737637051,65.47761483168442
243,2978.7839244874413,132.54031337753167,57.1029231745631
244,2983.7733671105425,123.44665067405842,53.369787011126476
245,2989.327465934808,163.17196186229714,83.89233984399652
246,2994.7357703764283,153.54252495984323,74.7017612612
247,2999.984320367644,144.07531047383782,65.82388432978134
248,3005.0651552411045,134.777640435998,57.594070309049684
249,3010.0573462545203,125.65695276499642,53.5231549794983
250,3015.609488835069,164.82621178715618,83.74675996797242
251,3021.0161495525367,155.1858617815057,74.57262884178101
252,3026.263385979564,145.70607808263532,65.71046383531905
253,3031.3413971843424,136.39402903331933,57.424872134710576
254,3036.331184971363,127.25708780849422,53.39069756236078
255,3041.8836064385937,166.5389115560879,83.81012004460524
256,3047.2909741466106,156.8874945624859,74.64760546812904
257,3052.53930195229,147.3950211495572,65.79608990466348
258,3057.617650242898,138.0685966480055,57.47334387367964
259,3062.6094266884043,128.91545993196138,53.49212095675397
260,3068.165733212615,168.39255006065005,84.0775839159411
261,3073.5777461378952,158.72615604187416,74.91891122551272
262,3078.831493399113,149.217264647329,66.07331607979056
263,3083.9150870811695,139.87291227517812,57.71141991812739
264,3088.906955689832,130.70014872473195,53.504746461175046
265,3094.481661388636,171.26509569396597,85.270119991553
266,3099.9131687003596,161.5690357502089,76.0842988177529
267,3105.188113620001,152.02896136611184,67.20556656696478
268,3110.2917277846873,142.65135885342124,58.67253376398887
269,3115.2900660912837,133.44297593503083,53.8124962991812
270,3120.85296477573,172.32309456042157,84.5347786693643
271,3126.272161472501,162.6258258915222,75.385945719361
272,3131.5339728031427,153.08365877750694,66.54511231641473
273,3136.624594189667,143.70304165804384,58.097511328016566
274,3141.622511763605,134.49059289411267,53.80717083830319
275,3147.1982267940866,174.27742151260546,85.34605558552595
276,3152.6315381836107,164.56412349481857,76.18174305764641
277,3157.9089656200863,155.00444574320014,67.32275264029307
278,3163.016319789395,145.6047441306261,58.827469443611676
279,3168.0123741232183,136.37151072108284,53.72976938195251
280,3173.5821920101266,175.67873984053548,85.05266013866715
281,3179.0098697975222,165.9606754130561,75.91256433964168
282,3184.2819475086458,156.39459542059333,67.08719718095202
283,3189.3881891459914,146.9869241150117,58.78511834505532
284,3194.3837285736386,137.74414114507695,53.69711432131662
285,3199.955473039588,177.2398800745889,85.0783196851362
286,3205.3850391806013,167.51191606838862,75.94576393512249
287,3210.6589922903167,157.9350952915102,67.11790585536806
288,3215.763930667402,148.5154824377473,58.68291875925371
289,3220.75758331109,139.25935961711272,53.594335266304064
290,3226.343385668879,179.7878680227982,86.04465464394542
291,3231.7881569600636,170.0361911845603,76.89367114925496
292,3237.078755304018,160.43407787338782,68.04502062679677
293,3242.2007700490994,150.98738130207175,59.53390098740426
294,3247.201707852547,141.70221213864082,53.9517335697536
295,3252.7702819888345,180.5082080944557,84.86653226736682
296,3258.197171307223,170.76051565064358,75.76364161808905
297,3263.468603934236,161.1614506946219,66.96427897261549
298,3268.5721433592194,151.71709813588114,58.59906217222785
299,3273.5640396557997,142.4335653054778,53.49805001850338
300,3279.127168267136,180.64290636299594,84.5799176047159
301,3284.5482530295676,170.90922627766795,75.49995933179106
302,3289.8137458698097,161.32394875459198,66.7241075907758
303,3294.9101024409647,151.89291144815763,58.3349437353125
304,3299.9077182117358,142.62211276230332,53.771265558952344
305,3305.5015875749964,182.90134761582874,86.60423691101711
306,3310.955711762271,173.14803329439303,77.46994782024643
307,3316.257228180058,163.54190989725373,68.63516810241956
308,3321.3918625800834,154.0885189847228,60.12681352613411
309,3326.395649746262,144.79367573612762,54.09422150488861
310,3331.9922282666575,184.7878804797873,86.81813314824723
311,3337.4494701357535,175.02116353886268,77.68929502893964
312,3342.754554371338,165.40066009602313,68.85902753030659
313,3347.894014920925,155.93158399690944,60.38268259621404
314,3352.900482805245,146.6196232852739,54.225927271777
315,3358.494808390472,186.0155801245012,86.68443129336505
316,3363.9502497537583,176.24352419597645,77.57137612419957
317,3369.2536600277917,166.6186594674127,68.7558961447355
318,3374.390780529803,157.14421119391852,60.265346555992565
319,3379.3958343026,147.82588725464328,54.15961587838117
320,3384.9936858742517,187.28807040261572,86.92660909986493
321,3390.452882955828,177.5141680709088,77.81703040061245
322,3395.760588451832,167.8843533968408,69.00449599942569
323,3400.902663623343,158.40403676094348,60.51457597769166
324,3405.9094407354028,149.07877138125153,54.25884302461161
325,3411.5218971951717,189.19540564173047,87.89756653076414
326,3416.996664021464,179.40831287142004,78.76777450353158
327,3422.321386230474,169.7642961399328,69.93304760546573
328,3427.4823202504604,160.2684799608102,61.41800187849788
329,3432.4933855690374,150.92623121769253,54.46462740136815
330,3438.100183442608,189.63755217824746,87.64137132254592
331,3443.5692236638315,179.84514980890964,78.53434964559384
332,3448.8880249539666,170.20783527012728,69.7224366697274
333,3454.0427674369466,160.71825227648264,61.2306293802514
334,3459.061875135041,151.38174507016123,54.874762563533025
335,3464.6761838284324,190.6583752881639,88.13314794088454
336,3470.153867299902,180.8512398091439,79.02093504144823
337,3475.4824015801646,171.21257972916067,70.20144985011743
338,3480.648081475122,161.72076371207976,61.70002918688321
339,3485.6654213577967,152.38111484177475,54.768762672021616
340,3491.305789721635,192.69380395358013,89.89861910560737
341,3496.811179295108,182.87671697043498,80.74160661130325
342,3502.1699657970003,173.2226199538272,71.87397207838131
343,3507.369030536891,163.71405664385094,63.31891871186978
344,3512.4028188813854,154.3561326568621,55.505952065495215
345,3518.025991476624,192.55114824953554,88.77562602951294
346,3523.5134741047837,182.74792576480192,79.66575370114906
347,3528.853029826652,173.1084472357976,70.84661417374542
348,3534.0312239978175,163.6143975613227,62.342586584717914
349,3539.055410957839,154.27094877453655,55.11131576805739
350,3544.693213630278,193.5238842489104,89.68863004758245
351,3550.196307798097,183.72621785178853,80.5582681074016
352,3555.55282419141,174.08637269165,71.71660468075683
353,3560.749630480032,164.59117638626773,63.18732113418655
354,3565.786180244686,155.24572802089477,55.598745247771056
355,3571.412080703162,192.6955629339534,88.99655437922223
356,3576.9031699359225,182.89900886882285,79.90183177307856
357,3582.2471129452388,173.28469412566253,71.09590875981468
358,3587.4306212738675,163.81528928094997,62.603366843430464
359,3592.446816421931,154.49588536245923,55.43081149173246
360,3598.0280243201146,191.54971223875074,87.86633206799839
361,3603.4631131108977,181.81522367444788,78.8183095516141
362,3608.7508296461847,172.2298999870239,70.06110005779892
363,3613.867719992345,162.78955999609832,61.63699526858782
364,3618.842256970979,153.49937405004766,55.17071544699777
365,3624.412902468855,192.29337896409285,89.19950751772511
366,3629.850538056694,182.54827203521882,80.11836972898402
367,3635.1432168667034,172.9648915652126,71.32510950487583
368,3640.2779025849673,163.52589378227145,62.84377633047722
369,3645.258820807078,154.23639495649292,55.489171531436796
370,3650.816748497942,191.7686388635055,88.40981118255628
371,3656.241662032038,182.0406597346515,79.3652067494184
372,3661.5086347189435,172.4774225421441,70.6088643610199
373,3666.6106321078755,163.05874126044165,62.16577426042181
374,3671.570012291876,153.78976473293056,55.313668653633876
375,3677.12778582264,193.02264894044598,89.63616241054491
376,3682.5537551117322,183.2904079587486,80.56096989188416
377,3687.8362754913287,173.72240472593228,71.77157317979906
378,3692.949318189596,164.29780137074493,63.31524113820187
379,3697.901235211805,155.021723419894,55.714821519636274
380,3703.4325867449556,192.56246507006304,89.26083777654763
381,3708.831220303484,182.81963754959267,80.21035896805056
382,3714.068461636885,173.27110632899306,71.44614988692638
383,3719.1509052549904,163.86617063434267,63.02717665068389
384,3724.090697394945,154.6099147497085,56.02384910376501
385,3729.602089705033,193.180315569864,90.00461039517953
386,3734.9752487859464,183.4606361583469,80.93865843626978
387,3740.207070917096,173.91468923744674,72.15694485565133
388,3745.285096999728,164.51174274751105,63.683332629349955
389,3750.2086509832284,155.2568307228359,56.100658285009125
390,3755.7127628781873,193.31740197121886,90.25511553927853
391,3761.08768950681,183.53119725592543,81.19383061908994
392,3766.3218567353174,173.99619384522197,72.41631806118937
393,3771.402829347329,164.60423837015736,63.94591502749829
394,3776.3268303971468,155.36026095565373,56.5782909203002
395,3781.825375297877,193.8808915061696,91.11859071606663
396,3787.196110737665,184.14598285116406,82.03944219863988
397,3792.4277467928982,174.6145714295373,73.24138726713929
398,3797.508185016326,165.22543737619438,64.74945388742597
399,3802.433386978555,155.98352172674055,56.9938425121745
400,3807.929166989818,194.2735776780376,91.96159502173893
401,3813.2909285401583,184.50414724794962,82.86817785051174
402,3818.515194484868,174.97897551099538,74.05442344174116
403,3823.590144660736,165.59583279659515,65.54288733773204
404,3828.5096186524947,156.3596038401419,57.66883258850995
405,3833.9876452014864,193.75808215365203,91.87191099119836
406,3839.32849197765,184.0245570884595,82.79136121660801
407,3844.5328872143227,174.51889235494593,73.98956796782792
408,3849.579507356018,165.155297761745,65.48941899874232
409,3854.459565942344,155.93861222660448,57.65952364171925
410,3859.9031877121897,194.53619827276938,92.88018198665223
411,3865.2091095859373,184.83051257693916,83.7774304986023
412,3870.3610879963653,175.3246142202929,74.95035609414452
413,3875.3630144602384,165.9598962507091,66.4215389290663
414,3880.192947510818,156.7412681991767,58.23635253911966
415,3885.557313661783,195.17868542156953,93.77994869157108
416,3890.773274894243,185.37284795149787,84.66103789664128
417,3895.854890007928,175.87052410733688,75.81632579549809
418,3900.778463260863,166.5091000608759,67.26779105496648
419,3905.5504235861426,157.293380866907,59.122098791135
420,3910.863007323658,195.35636261658595,93.49220872531983
421,3916.0560603934928,185.57117574379362,84.38932441919803
422,3921.1189036810642,176.07743696141685,75.56057588040771
423,3926.040423510948,166.7242021143171,67.02844311577424
424,3930.802413010386,157.51632830129418,58.8943654747167
425,3936.1038022634275,195.37630650163047,94.2387243429606
426,3941.2867514126006,185.63382249723168,85.1251230387213
427,3946.3412949502094,176.15119249688217,76.28352706795118
428,3951.256511158902,166.808744742727,67.73590045076688
429,3956.0210521382382,157.61130275097563,59.5588671930015
430,3961.343926965033,196.52841868620467,96.13890681523827
431,3966.5200506617853,186.75583323598678,86.97771803485675
432,3971.565126379648,177.26772171040855,78.08579578175225
433,3976.4742602889933,167.91921032405278,69.48376927594957
434,3981.235405656584,158.71500378662665,61.19381438316635
435,3986.528817458815,196.87488571228914,96.81355887607131
436,3991.7071553184796,186.99195156721927,87.64417241130694
437,3996.76087914274,177.5110834577274,78.74239527584899
438,4001.662834586479,168.16966874335742,70.12886590794118
439,4006.39318234413,158.97238332979543,61.825529010724125
440,4011.6264841086945,196.1920521772765,96.94506337486952
441,4016.7329123021077,186.35472336223165,87.7847394128833
442,4021.6851204705195,176.8939317428625,78.89063772534146
443,4026.4929198255486,167.57289552991517,70.28356221899448
444,4031.1577430230054,158.39598831742083,61.99563786620459
445,4036.3363017211777,196.23845209376663,97.4478134505309
446,4041.3931382296137,186.4545024996256,88.28237249226072
447,4046.3029856130975,176.99622153798788,79.38127954931763
448,4051.0829816224295,167.6846382437097,70.76559577598664
449,4055.7138690056913,158.5167850728401,62.45753593652905
450,4060.837362234484,196.17696570607583,98.04676057929977
451,4065.8299668792824,186.36337804439188,88.87495606730583
452,4070.6889463171624,176.91889168692205,79.96586514500576
453,4075.4206414166783,167.6187622696288,71.34049615939847
454,4080.0100167886935,158.46230771533968,63.02401918633122
455,4085.0688847229303,195.10407086377072,97.40958612149149
456,4090.019008292809,185.33802852362126,88.2633864408881
457,4094.851241262225,175.9243924417426,79.38140215411306
458,4099.547664694187,166.65030448986406,70.78448619691436
459,4104.077420064184,157.52039402631684,62.494273986515545
460,4109.118411214294,196.11892432398173,99.46963487505165
461,4114.054084368116,186.35897084223282,90.27209878871784
462,4118.875395285297,176.9409231038937,81.33559352298522
463,4123.572808042113,167.66159614464163,72.67960688992049
464,4128.135516195216,158.52561743717314,64.3249604849895
465,4133.192622411639,196.57085848010527,100.53068819561263
466,4138.143740973729,186.80409754584198,91.31219977676966
467,4142.980549410938,177.39000729350428,82.3522149320182
468,4147.692434020731,168.11422928225318,73.67020967747041
469,4152.233882164533,158.9813694154045,65.28665800332763
470,4157.223242454122,196.98667140873098,102.16398847426305
471,4162.094034959092,187.17821665971832,92.90958778893443
472,4166.854227454008,177.768865347037,83.91080509973654
473,4171.4634106960075,168.49744363126777,75.18640446033906
474,4175.921321494071,159.36853398973645,66.75637251434713
475,4180.834589610715,196.70403245970112,103.43696398876443
476,4185.641701398841,186.94235389870124,94.15870416023557
477,4190.33239998241,177.5411956719222,85.13316258094382
478,4194.896568264507,168.28317685806482,76.37881435355222
479,4199.325609784635,159.16757139908069,67.91529578421401
480,4204.189827180401,197.2724650252801,105.07509326288347
481,4208.9373656538755,187.43712405871997,95.76044330026998
482,4213.5799130218775,178.04013007940807,86.69582099441197
483,4218.099458489196,168.78419087422782,77.89931654717
484,4222.48961738907,159.67028609869269,69.39000689812354
485,4227.317141931409,196.99333170150655,105.76022606558416
486,4232.0356925918895,187.17899730610398,96.43715006660106
487,4236.638696722282,177.79619957382212,87.36262646189084
488,4241.09916624915,168.55350822178963,78.55457705571544
489,4245.4095733249305,159.45281225936392,70.03186960238537
490,4250.103212211213,195.89759301722748,105.50268542745444
491,4254.650177413093,186.2844003789732,96.19583390384159
492,4259.0641647444745,176.9272575051003,87.13545289444332
493,4263.360379221045,167.70728103635417,78.34063000436251
494,4267.517153149868,158.62920695936523,69.8307424080967
495,4272.090793804603,196.45762061212034,106.66905122227575
496,4276.57475062702,186.76773310538724,97.3351609978907
497,4280.962147837495,177.41250981838547,88.24743145440964
498,4285.229642024178,168.19433867776377,79.42357207540456
499,4289.382910295139,159.11778031829974,70.88219883232489
500,4293.945097454141,196.8142849623039,107.90489409363886
501,4298.419038733886,187.04193879450264,98.54835711025758
502,4302.798137239947,177.6904365468137,89.43621736635015
503,4307.075176908566,168.47688800444558,80.58579026300852
504,4311.241934802932,159.40486273214967,72.01521337089109
505,4315.77827632771,197.0554160020601,108.3316436947678
506,4320.200168119429,187.2895631003239,98.97120416533805
507,4324.481682275662,177.94428602862584,89.85417431234501
508,4328.637122116002,168.7356938888948,80.9978531766616
509,4332.677580622245,159.66829869905888,72.42033977896911
510,4337.0841757313365,196.78108401948055,109.23321329492427
511,4341.3702353597555,187.06015962357202,99.8599929430369
512,4345.546822387929,177.72679658266412,90.72790154534232
513,4349.620269218988,168.53023631900098,81.85403612670918
514,4353.575131213085,159.47462322089177,73.2564038222131
515,4357.888041518006,197.57465109392433,111.35781124829283
516,4362.079676866112,187.884639281661,101.93749853398448
517,4366.15118661385,178.54826617543017,92.75550480441309
518,4370.099886909386,169.34775848850182,83.82822642670705
519,4373.95041226429,160.28762200991702,75.17299582247689
520,4378.157020132152,197.96634043292224,114.18252415635071
521,4382.245381266391,188.11471997400517,104.70121158734578
522,4386.232072793044,178.7802864741846,95.4546316190595
523,4390.118101364462,169.58433622934967,86.45804168456462
524,4393.889855835693,160.52859588159762,77.72796833338907
525,4397.976916988077,197.01714229050688,114.18445128122282
526,4401.986249304604,187.3522327551732,104.71106331697929
527,4405.909083478713,178.03955215021256,95.47035731147797
528,4409.732822105234,168.8625696842262,86.47884348568866
529,4413.4643107256925,159.82586653018842,77.75340370902785
530,4417.527331427835,197.90625749537688,115.94586609275497
531,4421.50916952605,188.06218403128472,106.43746894786636
532,4425.399127664517,178.73182652955842,97.16029382103451
533,4429.180442543503,169.5520855767575,88.12969617713738
534,4432.851466176012,160.51230510072048,79.3619447762213
535,4436.851578153359,197.60028982596032,116.7576240095234
536,4440.7716493252865,187.82649456645225,107.23549333558046
537,4444.570136044876,178.5160663317497,97.94278018233514
538,4448.256633765882,169.3472812320297,88.89486367429771
539,4451.804617787222,160.31831734043183,80.10786686931957
540,4455.652554317794,197.96597441937274,118.36168128668531
541,4459.4170541144495,188.17775415249739,108.80790304144413
542,4463.083230245442,178.87342565235522,99.48175076357593
543,4466.643079200528,169.70677751170638,90.39786125643352
544,4470.108831335368,160.67961586963597,81.57187557956296
545,4473.869966769926,198.157479145147,119.44182962058872
546,4477.536285483428,188.27184384866368,109.86854832678462
547,4481.084811549557,178.9551681256503,100.52165333310423
548,4484.524730449648,169.79421328359481,91.41551187541523
549,4487.886118309269,160.77268978026558,82.5653878402098
550,4491.505469415277,198.04041103823815,120.44473500499275
551,4495.03513026291,188.1860607164165,110.85451170610732
552,4498.49784411357,178.87970848918405,101.48889758002137
553,4501.870329914486,169.7268355681359,92.36219084536344
554,4505.159155579783,160.71323248554128,83.48954613658606
555,4508.699392874375,197.34947369804607,119.47459966012065
556,4512.160374234108,187.60037383411526,109.91215087970684
557,4515.54043658865,178.32539395112164,100.57489837421988
558,4518.844585080504,169.18747046911108,91.47762739398553
559,4522.062501181514,160.1889067213795,82.63571789680768
560,4525.526947867753,197.51371183782416,120.33186871489887
561,4528.912710381031,187.83942841421572,110.75317243297859
562,4532.231337292882,178.56911595363664,101.39867785651337
563,4535.464351581478,169.43448139864714,92.28280371642335
564,4538.6115457891165,160.43884190008347,83.42072759422399
565,4541.963782543469,197.0924310463246,120.17495930657027
566,4545.22978613393,187.39371017722502,110.6062204247689
567,4548.427988703867,178.13706794923124,101.26123666013909
568,4551.559943397692,169.01513821251737,92.15468523191055
569,4554.614377919317,160.03228933795464,83.30182344605466
570,4557.905895348841,196.8975612071084,119.7632321187167
571,4561.115665463233,187.2201924148984,110.21056308167122
572,4564.234830497306,177.97180444143623,100.88153486052802
573,4567.278121697045,168.85832217271755,91.79125540306373
574,4570.2380413418605,159.88385493943338,82.95512851965456
575,4573.453561807177,197.83997581072015,120.88393349637981
576,4576.613848330898,188.1445099066892,111.30846989842472
577,4579.714790690573,178.88640646005467,101.95586035564604
578,4582.744075048376,169.7653588026268,92.84048545164244
579,4585.693962461342,160.7827787387528,83.97742178198803
580,4588.873890147459,198.0934798859045,122.28496360232276
581,4591.990427089757,188.3220546859218,112.68490105761035
582,4595.019219665913,179.05833509950813,103.30580444297794
583,4597.983434365604,169.94056683550392,94.16185447766321
584,4600.881815005993,160.96113496016534,85.26782656526038
585,4604.01950304668,197.4972234896205,123.30792265688731
586,4607.1079817723685,187.82919122907361,113.69226083150917
587,4610.13939030639,178.58347996822826,104.29543656087195
588,4613.097436468428,169.47883970889993,95.13154837553785
589,4615.972184005655,160.5125263484032,86.21536809830451
590,4619.042234490015,197.81041379641266,124.4326531091665
591,4622.02121501476,188.12205576368413,114.7954845016316
592,4624.919275601354,178.87598655332985,105.3758703409699
593,4627.75946139692,169.77241620508264,96.18775354283999
594,4630.537827337584,160.8069548907503,87.2456351954263
595,4633.54381432612,198.20064142567085,125.34476795839264
596,4636.482767348297,188.4541640505041,115.69004400545063
597,4639.333183372492,179.20169866287708,106.25199052073982
598,4642.070319270415,170.09866841070902,97.04431432695519
599,4644.728018809401,161.13354501084126,88.08122201496617
600,4647.562420750743,197.66644533318643,125.60692293683329
601,4650.3162511645205,187.95175908682782,115.95244184984921
602,4653.020368382351,178.72219979105475,106.51389427375388
603,4655.6713234245935,169.631647526591,97.30501928464498
604,4658.2654102046745,160.67909443022248,88.33997061606088
605,4661.05681218703,197.31336255166576,125.24791609059568
606,4663.774562144645,187.62902407275973,115.6069513731224
607,4666.415053419883,178.41305726298657,106.1818056289604
608,4668.993145206144,169.3321270981005,96.98649108347959
609,4671.5066636996135,160.38922160292125,88.03526700640013
610,4674.202958309671,197.01483875809484,124.9017265577929
611,4676.833423089861,187.30735769571652,115.27258966389141
612,4679.415552935249,178.092393739081,105.85952638398871
613,4681.946427234419,169.02111329683532,96.67659683296785
614,4684.418138250585,160.087973621362,87.73806065777713
615,4687.034734860227,198.59088242584667,127.80530210011857
616,4689.615277764253,188.82566160968736,118.11455843637258
617,4692.142193681508,179.57593509552515,108.63740404025148
618,4694.608831099538,170.4872839462256,99.38670654057069
619,4697.024001451783,161.53591533367566,90.3761817587473
620,4699.61822700783,198.95380746278633,130.07433524415737
621,4702.169715145289,189.14848667081452,120.33767829161717
622,4704.665713385121,179.8882322888314,110.81209711298746
623,4707.1049286176885,170.79950455663692,101.51018000688535
624,4709.482923587874,161.84786559820364,92.44522009599424
625,4711.990252289027,197.74820324632563,128.4530536340153
626,4714.46444241892,188.04458608294226,118.7574248251924
627,4716.880145771786,178.80835451401518,109.27339360076313
628,4719.249915796176,169.74013870545866,100.01461309306735
629,4721.570650866474,160.80941871157546,90.99476673271867
630,4724.02812239326,197.90033237545427,128.63686044410184
631,4726.438442862804,188.16618948154434,118.94088876992366
632,4728.790047601595,178.94940803111334,109.45635597548035
633,4731.060695991224,169.8836370126699,100.19648446978498
634,4733.280498857024,160.9551136495229,91.17493973545561
635,4735.611701316834,198.48838739157046,130.69590198021956
636,4737.9091072630135,188.72663345475362,120.95896838374688
637,4740.154187711574,179.4959476946623,111.43162506320198
638,4742.312977814361,170.42607313857255,102.12642205284912
639,4744.399695019129,161.493118365202,93.05660790220094
640,4746.594149586309,197.74003005552285,129.72355493624354
641,4748.766998923687,188.08235316629558,120.01143705303633
642,4750.86751697558,178.86542005829082,110.50908239687357
643,4752.897847162313,169.80885823319264,101.22980977148241
644,4754.874972832479,160.88936509982986,92.18711319409643
645,4756.965995412049,197.82691879779964,129.09056667673786
646,4759.043084693029,188.11565965134258,119.39517209219073
647,4761.095002818437,178.8906219266491,109.91021028328345
648,4763.091473014562,169.83742157173677,100.64892632889232
649,4765.045081134772,160.92116988307924,91.62494745782298
650,4767.063935183069,198.9113233083626,131.44281643416497
651,4769.069901923042,189.11155999456935,121.69833502983309
652,4771.041518901199,179.8851363167334,112.16281896439916
653,4772.968286060167,170.82077458992606,102.84853069629202
654,4774.856199295905,161.8929064620872,93.76849376567333
655,4776.832373604078,198.2215888197335,131.73173905422144
656,4778.812759069129,188.43516561748365,121.9871945652165
657,4780.776326974982,179.2252972827924,112.45023059081062
658,4782.6745969014755,170.17414610472278,103.13354813533468
659,4784.504597662097,161.25971674278168,94.05030103117579
660,4786.38726055415,197.8498150411735,130.77978721694518
661,4788.266182209336,188.11718248916495,121.05731980831693
662,4790.1020716974,178.9191203465018,111.54344469130884
663,4791.8678147331575,169.8760897237749,102.25113740995864
664,4793.56705196834,160.96985757738557,93.19357099808735
665,4795.3141495857535,198.31188975916552,133.0385400082578
666,4797.065410023212,188.61623235447016,123.27192753129175
667,4798.807878380417,179.41217309575518,113.71167408360823
668,4800.478663899324,170.36493132031597,104.3699609619477
669,4802.090501984783,161.45410444772844,95.25966656004631
670,4803.739793830824,197.585208234325,132.56145091747604
671,4805.389266615678,187.92688128844247,122.8085900532154
672,4807.025894211979,178.75184343920031,113.26181176937467
673,4808.635081763679,169.71732621763357,103.93389620539283
674,4810.212224286237,160.81945277913783,94.83783557648964
675,4811.821502243834,197.96466694680078,132.55636195250824
676,4813.442976162736,188.23435998735206,122.80493428265862
677,4815.060060221844,179.02680511120423,113.25981618868558
678,4816.624177583316,169.99080832644722,103.93373316964872
679,4818.143574672512,161.09134257876988,94.83964593154798
680,4819.708461220537,198.44119028208993,133.70342505296935
681,4821.290378597662,188.75013902830622,123.93081145791604
682,4822.868212857002,179.56329570002123,114.36339975653142
683,4824.420915644931,170.5222367075772,105.01363712864782
684,4825.932240981892,161.61731562354728,95.89431042645032
685,4827.466539014984,198.1100350904435,134.1824787430556
686,4828.971330098337,188.47019116347096,124.40265641024493
687,4830.470832613604,179.2903215830917,114.82718429352546
688,4831.903545562826,170.2559522606344,105.46855811035353
689,4833.288838361314,161.3577373158894,96.33954817498768
690,4834.69252662154,197.81362622839262,135.05881859129425
691,4836.101935127412,188.08859322648917,125.26532529142557
692,4837.4981570580385,178.9138448427074,115.67495673324291
693,4838.8736683445195,169.88768577287848,106.2999058860077
694,4840.21971773327,160.9978097647827,97.15288863208758
695,4841.590850797101,197.68646976744407,135.3518430519894
696,4842.969191659407,188.07047515710346,125.55297367623318
697,4844.34246039126,178.88548262436342,115.95684979854798
698,4845.694871490393,169.8620651022119,106.5758130431882
699,4847.003176292252,160.97484247869167,97.42252924423292
700,4848.353919735414,197.66616745541128,135.08817508447427
701,4849.707292415149,188.02703960160522,125.29507269019524
702,4850.999057547311,178.8715794625208,115.70514533974891
703,4852.268729775785,169.85077522682263,106.33064049545291
704,4853.514837560922,160.96614316604445,97.18412110389234
705,4854.809996035852,198.5135182850613,137.2775089647106
706,4856.080296669636,188.76054941234585,127.44063283610443
707,4857.335787408833,179.58003607782732,117.8053443360635
708,4858.559038631476,170.550674976894,108.38310602105558
709,4859.743916903636,161.65714103228729,99.18608034212161
710,4860.9462262719935,197.77836052354772,137.3092473827974
711,4862.160788868654,188.1423121499902,127.47498564870591
712,4863.373183107774,178.96406809022992,117.84131737864014
713,4864.550002567969,169.9458765798904,108.42023780956967
714,4865.702873611175,161.06371786605024,99.2240735817432
715,4866.87061602738,198.3251227203473,139.10960840570036
716,4868.028042593207,188.59928136818772,129.2421842897803
717,4869.141424817578,179.42443328586776,119.57368993837069
718,4870.240653096112,170.40137284369393,110.11566245744433
719,4871.30707058584,161.5140873682539,100.88015392607689
720,4872.363362508181,198.3706731972549,140.16478552702492
721,4873.414728893033,188.65646277963165,130.27838211702402
722,4874.4414953781525,179.47922995839397,120.58965766551017
723,4875.422278186269,170.45705091523456,111.1102095681798
724,4876.363023287685,161.5705417015324,101.8519656150909
725,4877.324516490821,198.24461561720437,140.0500645081372
726,4878.287697505568,188.4946297052494,130.16833629689043
727,4879.250487649077,179.32687770357347,120.48450921051308
728,4880.192673550921,170.30846961247926,111.01005442221697
729,4881.110327080579,161.42578830535913,101.75690746212993
730,4882.049478550114,198.08430734629326,139.80806936543206
731,4882.9640522489035,188.39555327953877,129.93287304266863
732,4883.8722702504365,179.23268365276886,120.25561904729366
733,4884.765997935009,170.21720116669016,110.78795622935182
734,4885.615946788228,161.3374780286568,101.54184196426057
735,4886.476359527537,198.48897907699072,140.14820140037267
736,4887.320861058826,188.76158929886145,130.26564513006218
737,4888.126491543294,179.59088568455522,120.58081458208612
738,4888.919324214891,170.57150966749373,111.1053080793579
739,4889.697217348246,161.68763033435283,101.85103500038915
740,4890.504609913138,198.31553105672054,140.86713386067728
741,4891.293583184531,188.65660644070243,130.97210834100792
742,4892.05564749133,179.494597280082,121.27396665883515
743,4892.808247830654,170.47809243481618,111.78415459769795
744,4893.546717684305,161.59704837615163,102.51452770537287
745,4894.311776132119,197.36802046208138,140.6612069970736
746,4895.078766198348,187.74142349941317,130.77421265243825
747,4895.840749499121,178.59418364518083,121.0836389686185
748,4896.592888466938,169.59267455209675,111.60108910932405
749,4897.330910541097,160.72695483978157,102.33849799721347
750,4898.099117201273,198.27501812037008,141.17243985940425
751,4898.867257740967,188.61006212679922,131.27303280177364
752,4899.608807147353,179.43542568044057,121.57027489127623
753,4900.341377254478,170.42215236098392,112.07553264291354
754,4901.060232413423,161.5443453609115,102.8005663709919
755,4901.809501459999,198.4032233937647,141.85345829122213
756,4902.561382538594,188.71627412163951,131.9393943152234
757,4903.289303219678,179.551821844543,122.22144758326013
758,4904.001837668731,170.53800941824716,112.71078570150283
759,4904.671920357218,161.6595730592561,103.41905490523081
760,4905.333965074084,198.56616707754222,142.94655257579203
761,4905.99691314062,188.84562554442934,133.01371526505363
762,4906.6583931563255,179.66418533403254,123.27594406358898
763,4907.312693596601,170.64964680899138,113.74420525147724
764,4907.954837695899,161.77046071328252,104.4299909186874
765,4908.600922090448,198.34697323888267,143.0538761566028
766,4909.227781491403,188.62315959877097,133.12088215077978
767,4909.851155070725,179.47610031842834,123.38247529620288
768,4910.4291857485905,170.46542807418606,113.8498536339186
769,4910.991647269801,161.59014321515951,104.53455707179042
770,4911.567829103518,198.50882960429425,144.09637785733108
771,4912.151397869706,188.82104087776452,134.1440244550338
772,4912.714810617887,179.65398844582379,124.38530099769396
773,4913.223980850764,170.64169882756485,114.83122418687061
774,4913.701649083452,161.76460496109928,105.49322029008302
775,4914.174682678761,198.32138675214676,144.64393682238645
776,4914.6508178175345,188.63511241461913,134.6827583588906
777,4915.118238840034,179.45631780088587,124.91477368411041
778,4915.569277973355,170.44775956508937,115.35078325150354
779,4916.012480210033,161.5744942825453,106.002102863754
780,4916.443543607958,198.05755002047374,144.22330469556917
781,4916.878207787038,188.40713007126809,134.27102999511064
782,4917.3072915742905,179.25182777906704,124.5120204685652
783,4917.718103509398,170.2469412834719,114.95740339703069
784,4918.121491492794,161.37744458520288,105.61854745899522
785,4918.534987161946,198.36648179943649,145.17474861438603
786,4918.949830159272,188.6764633611315,135.20507181304953
787,4919.364508541172,179.50745417992826,125.4279521176962
788,4919.775939406077,170.49945808628092,115.85421037625481
789,4920.180043910755,161.62671394047575,106.49511366152667
790,4920.5810768664005,198.53846695148684,144.7226560713176
791,4920.975466114123,188.79621387505074,134.7619069350484
792,4921.3677124215665,179.6267676275402,124.9941964413964
793,4921.758310106853,170.61744477315375,115.43042998534415
794,4922.141892653797,161.74334555192195,106.08190845369091
795,4922.528287857425,198.68682095560584,146.55627854898395
796,4922.92120742764,188.95599146326643,136.56199910473725
797,4923.313623272892,179.7804201222455,126.75946261377734
798,4923.704920035638,170.76964889249535,117.15901549382765
799,4924.089779440222,161.8940136834368,107.77162710778957
800,4924.434113641216,197.6786571696989,144.90109454259047
1,2029.0394644359667,50.0,52.0
2,2028.0549374244977,50.0,52.0
3,2027.0704104130286,50.0,52.0
4,2026.085883401557,50.0,52.0
5,2025.1799528103131,50.26262595877712,52.08942306006798
6,2024.1954257988446,50.0,52.0
7,2023.2108987873758,50.0,52.0
8,2022.2263717759065,50.0,52.0
9,2021.2418447644359,50.0,52.0
10,2020.3283180743908,50.24688891242493,52.08931387162265
11,2019.3437910629211,50.0,52.0
12,2018.359264051452,50.0,52.0
13,2017.374737039983,50.0,52.0
14,2016.390210028515,50.0,52.0
15,2015.4834250368062,50.260609011829025,52.0892045583446
16,2014.4988980253363,50.0,52.0
17,2013.5143710138675,50.0,52.0
18,2012.5298440023992,50.0,52.0
19,2011.54531699093,50.0,52.0
20,2010.6328843264962,50.24890200673175,52.08909511994503
21,2009.6483573150265,50.0,52.0
22,2008.6638303035584,50.0,52.0
23,2007.6793032920882,50.0,52.0
24,2006.6947762806199,50.0,52.0
25,2005.7735326994894,50.23040294099283,52.08898555613415
26,2004.789005688019,50.0,52.0
27,2003.8044786765486,50.0,52.0
28,2002.8199516650805,50.0,52.0
29,2001.8354246536119,50.0,52.0
30,2000.915837347307,50.20099559394304,52.05965025991703
31,1999.9313103358359,50.0,52.0
32,1998.946783324367,50.0,52.0
33,1997.9622563128983,50.0,52.0
34,1996.9777293014279,50.0,52.0
35,1996.057939811495,50.20477469665406,52.06336917784914
36,1995.0734128000258,50.0,52.0
37,1994.088885788556,50.0,52.0
38,1993.1043587770866,50.0,52.0
39,1992.119831765617,50.0,52.0
40,1991.2108629393588,50.25529271697873,52.08850004327691
41,1990.2263359278897,50.0,52.0
42,1989.241808916419,50.0,52.0
43,1988.25728190495,50.0,52.0
44,1987.2727548934809,50.0,52.0
45,1986.3633964969974,50.254360924142425,52.08838978435126
46,1985.3788694855273,50.0,52.0
47,1984.394342474058,50.0,52.0
48,1983.4098154625883,50.0,52.0
49,1982.4252884511195,50.0,52.0
50,1981.5155378314007,50.2534239903743,52.08827939808263
51,1980.5310108199324,50.0,52.0
52,1979.5464838084622,50.0,52.0
53,1978.561956796992,50.0,52.0
54,1977.5774297855226,50.0,52.0
55,1976.667284250061,50.25248184695792,52.08816888417329
56,1975.6827572385916,50.0,52.0
57,1974.6982302271222,50.0,52.0
58,1973.7137032156515,50.0,52.0
59,1972.729176204182,50.0,52.0
60,1971.8186330199446,50.25153442352703,52.088058242324436
61,1970.8341060084751,50.0,52.0
62,1969.8495789970063,50.0,52.0
63,1968.8650519855364,50.0,52.0
64,1967.8805249740658,50.0,52.0
65,1966.9485332711465,50.17913680442629,52.06295730107439
66,1965.964006259678,50.0,52.0
67,1964.9794792482098,50.0,52.0
68,1963.9949522367394,50.0,52.0
69,1963.0104252252695,50.0,52.0
70,1962.089520615543,50.229521398441754,52.087755876963584
71,1961.104993604074,50.0,52.0
72,1960.1204665926057,50.0,52.0
73,1959.1359395811369,50.0,52.0
74,1958.1514125696667,50.0,52.0
75,1957.2162885307548,50.13428375049187,52.02881626150325
76,1956.2317615192842,50.0,52.0
77,1955.2472345078156,50.0,52.0
78,1954.2627074963468,50.0,52.0
79,1953.2781804848773,50.0,52.0
80,1952.3429535860341,50.12939462762974,52.0247022198021
81,1951.3584265745633,50.0,52.0
82,1950.3738995630945,50.0,52.0
83,1949.3893725516257,50.0,52.0
84,1948.4048455401576,50.0,52.0
85,1947.4764076035867,50.21314453082148,52.08712414120116
86,1946.4918805921172,50.0,52.0
87,1945.5073535806457,50.0,52.0
88,1944.522826569178,50.0,52.0
89,1943.5382995577093,50.0,52.0
90,1942.622152408554,50.238928969124004,52.087012285154756
91,1941.6376253970832,50.0,52.0
92,1940.6530983856144,50.0,52.0
93,1939.6685713741435,50.0,52.0
94,1938.6840443626752,50.0,52.0
95,1937.7673278151644,50.23762752394186,52.08690029800846
96,1936.7828008036952,50.0,52.0
97,1935.7982737922248,50.0,52.0
98,1934.8137467807537,50.0,52.0
99,1933.8292197692856,50.0,52.0
100,1932.9156204264673,50.243766205282924,52.086788179451
101,1931.931093414998,50.0,52.0
102,1930.9465664035292,50.0,52.0
103,1929.9620393920595,50.0,52.0
104,1928.9775123805887,50.0,52.0
105,1928.03476250512,50.113650891129,52.02448980595254
106,1927.0502354936514,50.0,52.0
107,1926.065708482183,50.0,52.0
108,1925.0811814707117,50.0,52.0
109,1924.0966544592404,50.0,52.0
110,1923.1733992634518,50.223119263549584,52.08641638982796
111,1922.1888722519839,50.0,52.0
112,1921.2043452405142,50.0,52.0
113,1920.2198182290454,50.0,52.0
114,1919.2352912175757,50.0,52.0
115,1918.3136326821943,50.226519700808474,52.08630371518233
116,1917.3291056707246,50.0,52.0
117,1916.344578659257,50.0,52.0
118,1915.3600516477886,50.0,52.0
119,1914.3755246363182,50.0,52.0
120,1913.4580288936022,50.23515195517011,52.08619090751961
121,1912.4735018821339,50.0,52.0
122,1911.4889748706644,50.0,52.0
123,1910.5044478591958,50.0,52.0
124,1909.519920847727,50.0,52.0
125,1908.6043662305628,50.238927670986385,52.086077966521714
126,1907.6198392190918,50.0,52.0
127,1906.6353122076223,50.0,52.0
128,1905.6507851961537,50.0,52.0
129,1904.6662581846858,50.0,52.0
130,1903.741518991853,50.21955868505976,52.08596489186942
131,1902.7569919803816,50.0,52.0
132,1901.772464968912,50.0,52.0
133,1900.7879379574426,50.0,52.0
134,1899.8034109459738,50.0,52.0
135,1898.869173522048,50.1728786188929,52.061618632997714
136,1897.8846465105787,50.0,52.0
137,1896.90011949911,50.0,52.0
138,1895.9155924876397,50.0,52.0
139,1894.9310654761696,50.0,52.0
140,1894.004830758931,50.21664913777421,52.08565672575914
141,1893.0203037474614,50.0,52.0
142,1892.035776735991,50.0,52.0
143,1891.0512497245213,50.0,52.0
144,1890.066722713052,50.0,52.0
145,1889.149685044782,50.23526261163591,52.08554313915297
146,1888.1651580333128,50.0,52.0
147,1887.180631021843,50.0,52.0
148,1886.1961040103743,50.0,52.0
149,1885.2115769989034,50.0,52.0
150,1884.2941856762711,50.23440617839814,52.08542941731187
151,1883.3096586648028,50.0,52.0
152,1882.325131653334,50.0,52.0
153,1881.3406046418636,50.0,52.0
154,1880.3560776303932,50.0,52.0
155,1879.438329471818,50.23354374756831,52.085315559909574
156,1878.4538024603498,50.0,52.0
157,1877.4692754488806,50.0,52.0
158,1876.484748437412,50.0,52.0
159,1875.500221425942,50.0,52.0
160,1874.5805023631785,50.22943675119024,52.085201566618586
161,1873.595975351708,50.0,52.0
162,1872.611448340239,50.0,52.0
163,1871.6269213287696,50.0,52.0
164,1870.6423943173,50.0,52.0
165,1869.7239069237364,50.2317685463851,52.08508743711021
166,1868.7393799122672,50.0,52.0
167,1867.7548529007988,50.0,52.0
168,1866.770325889329,50.0,52.0
169,1865.7857988778599,50.0,52.0
170,1864.8669444302802,50.23088696543137,52.08497317105456
171,1863.88241741881,50.0,52.0
172,1862.8978904073401,50.0,52.0
173,1861.9133633958718,50.0,52.0
174,1860.9288363844018,50.0,52.0
175,1859.9960175776187,50.16478302254788,52.05171160480665
176,1859.0114905661478,50.0,52.0
177,1858.026963554679,50.0,52.0
178,1857.0424365432104,50.0,52.0
179,1856.0579095317412,50.0,52.0
180,1855.12492625886,50.201473075869075,52.084672999019375
181,1854.1403992473915,50.0,52.0
182,1853.1558722359214,50.0,52.0
183,1852.1713452244524,50.0,52.0
184,1851.186818212983,50.0,52.0
185,1850.2581564267944,50.20993301043709,52.08455824912822
186,1849.2736294153242,50.0,52.0
187,1848.2891024038538,50.0,52.0
188,1847.3045753923852,50.0,52.0
189,1846.3200483809153,50.0,52.0
190,1845.3882626789268,50.172436398905475,52.05665210306248
191,1844.4037356674576,50.0,52.0
192,1843.419208655989,50.0,52.0
193,1842.4346816445186,50.0,52.0
194,1841.4501546330494,50.0,52.0
195,1840.527890237328,50.223149068554946,52.08425097795247
196,1839.5433632258587,50.0,52.0
197,1838.5588362143885,50.0,52.0
198,1837.5743092029174,50.0,52.0
199,1836.5897821914486,50.0,52.0
200,1835.657222298396,50.1706860501147,52.05649896092218
201,1834.672695286927,50.0,52.0
202,1833.6881682754577,50.0,52.0
203,1832.7036412639889,50.0,52.0
204,1831.7191142525187,50.0,52.0
205,1830.7975497402397,50.22418511347146,52.083942784784725
206,1829.8130227287709,50.0,52.0
207,1828.8284957173016,50.0,52.0
208,1827.843968705831,50.0,52.0
209,1826.8594416943597,50.0,52.0
210,1825.9375697591367,50.223426314843515,52.08382715516156
211,1824.9530427476682,50.0,52.0
212,1823.9685157361992,50.0,52.0
213,1822.9839887247306,50.0,52.0
214,1821.9994617132616,50.0,52.0
215,1821.0606644830232,50.15761243641498,52.056268550063706
216,1820.0761374715546,50.0,52.0
217,1819.0916104600851,50.0,52.0
218,1818.107083448617,50.0,52.0
219,1817.122556437146,50.0,52.0
220,1816.2003204678151,50.222318904037394,52.08351770758685
221,1815.2157934563454,50.0,52.0
222,1814.2312664448768,50.0,52.0
223,1813.2467394334083,50.0,52.0
224,1812.26221242194,50.0,52.0
225,1811.3287037956113,50.17271443250896,52.060034775289644
226,1810.3441767841414,50.0,52.0
227,1809.3596497726724,50.0,52.0
228,1808.3751227612026,50.0,52.0
229,1807.3905957497345,50.0,52.0
230,1806.4629859294578,50.21093411708021,52.083202603184205
231,1805.4784589179858,50.0,52.0
232,1804.4939319065168,50.0,52.0
233,1803.509404895047,50.0,52.0
234,1802.5248778835792,50.0,52.0
235,1801.596803802078,50.209827486011385,52.083086061251706
236,1800.6122767906081,50.0,52.0
237,1799.6277497791386,50.0,52.0
238,1798.6432227676692,50.0,52.0
239,1797.6586957561992,50.0,52.0
240,1796.729382180799,50.2070651417304,52.082969376874786
241,1795.7448551693294,50.0,52.0
242,1794.7603281578588,50.0,52.0
243,1793.775801146388,50.0,52.0
244,1792.791274134919,50.0,52.0
245,1791.8483377718342,50.148150159719805,52.05572217992632
246,1790.8638107603658,50.0,52.0
247,1789.8792837488963,50.0,52.0
248,1788.8947567374262,50.0,52.0
249,1787.9102297259574,50.0,52.0
250,1786.9868729319974,50.21901581197856,52.08265744255635
251,1786.0023459205283,50.0,52.0
252,1785.0178189090595,50.0,52.0
253,1784.033291897589,50.0,52.0
254,1783.0487648861183,50.0,52.0
255,1782.125228495938,50.218510786121335,52.0825402332921
256,1781.1407014844688,50.0,52.0
257,1780.1561744730002,50.0,52.0
258,1779.1716474615305,50.0,52.0
259,1778.1871204500615,50.0,52.0
260,1777.2634037267417,50.218004216828426,52.08242287992979
261,1776.2788767152726,50.0,52.0
262,1775.2943497038038,50.0,52.0
263,1774.309822692335,50.0,52.0
264,1773.3252956808644,50.0,52.0
265,1772.3878903766113,50.18945237655364,52.082305382110086
266,1771.4033633651425,50.0,52.0
267,1770.4188363536725,50.0,52.0
268,1769.434309342204,50.0,52.0
269,1768.4497823307352,50.0,52.0
270,1767.525677051665,50.21693102617941,52.08218773947231
271,1766.5411500401951,50.0,52.0
272,1765.5566230287254,50.0,52.0
273,1764.572096017257,50.0,52.0
274,1763.5875690057885,50.0,52.0
275,1762.65820919446,50.20601638668776,52.08206995165436
276,1761.6736821829888,50.0,52.0
277,1760.6891551715198,50.0,52.0
278,1759.7046281600503,50.0,52.0
279,1758.7201011485815,50.0,52.0
280,1757.7945639797003,50.21376954890891,52.08195201829279
281,1756.8100369682313,50.0,52.0
282,1755.8255099567607,50.0,52.0
283,1754.8409829452917,50.0,52.0
284,1753.8564559338222,50.0,52.0
285,1752.9317866905765,50.21536334704567,52.08183393902275
286,1751.9472596791063,50.0,52.0
287,1750.962732667636,50.0,52.0
288,1749.978205656167,50.0,52.0
289,1748.9936786446976,50.0,52.0
290,1748.0688243984036,50.214847049663064,52.081715713478005
291,1747.0842973869348,50.0,52.0
292,1746.099770375466,50.0,52.0
293,1745.1152433639952,50.0,52.0
294,1744.1307163525264,50.0,52.0
295,1743.2056763268447,50.21432913822826,52.081597341290895
296,1742.2211493153768,50.0,52.0
297,1741.2366223039064,50.0,52.0
298,1740.2520952924351,50.0,52.0
299,1739.2675682809656,50.0,52.0
300,1738.3377042603147,50.20432147059468,52.08147882209238
301,1737.3531772488452,50.0,52.0
302,1736.3686502373764,50.0,52.0
303,1735.3841232259078,50.0,52.0
304,1734.399596214438,50.0,52.0
305,1733.4568249535578,50.14765266953236,52.0547837561457
306,1732.4722979420878,50.0,52.0
307,1731.4877709306195,50.0,52.0
308,1730.5032439191489,50.0,52.0
309,1729.5187169076787,50.0,52.0
310,1728.5870701153704,50.200208429419895,52.081162546787205
311,1727.6025431039013,50.0,52.0
312,1726.618016092432,50.0,52.0
313,1725.6334890809637,50.0,52.0
314,1724.6489620694945,50.0,52.0
315,1723.7231315948848,50.212068684307624,52.08104348642378
316,1722.7386045834155,50.0,52.0
317,1721.7540775719451,50.0,52.0
318,1720.7695505604768,50.0,52.0
319,1719.7850235490068,50.0,52.0
320,1718.8590031971228,50.21154218794785,52.08092427731503
321,1717.8744761856533,50.0,52.0
322,1716.889949174184,50.0,52.0
323,1715.9054221627157,50.0,52.0
324,1714.920895151247,50.0,52.0
325,1713.9946841093713,50.211014012524586,52.08080491908382
326,1713.0101570979016,50.0,52.0
327,1712.0256300864328,50.0,52.0
328,1711.0411030749624,50.0,52.0
329,1710.056576063494,50.0,52.0
330,1709.1191405552695,50.16265961295239,52.05834396440282
331,1708.1346135437996,50.0,52.0
332,1707.150086532329,50.0,52.0
333,1706.16555952086,50.0,52.0
334,1705.1810325093911,50.0,52.0
335,1704.237514390926,50.150039458102746,52.058269895406724
336,1703.2529873794565,50.0,52.0
337,1702.2684603679868,50.0,52.0
338,1701.2839333565178,50.0,52.0
339,1700.2994063450483,50.0,52.0
340,1699.3725956199721,50.209183061600484,52.080277796169845
341,1698.3880686085022,50.0,52.0
342,1697.4035415970322,50.0,52.0
343,1696.4190145855614,50.0,52.0
344,1695.4344875740928,50.0,52.0
345,1694.5074827846497,50.208647680051534,52.08015759867366
346,1693.5229557731807,50.0,52.0
347,1692.538428761711,50.0,52.0
348,1691.5539017502422,50.0,52.0
349,1690.5693747387722,50.0,52.0
350,1689.641744528105,50.207250915413645,52.080037249466606
351,1688.6572175166361,50.0,52.0
352,1687.6726905051669,50.0,52.0
353,1686.6881634936965,50.0,52.0
354,1685.7036364822256,50.0,52.0
355,1684.7762398244358,50.207569297497635,52.07991674815976
356,1683.7917128129661,50.0,52.0
357,1682.8071858014976,50.0,52.0
358,1681.8226587900285,50.0,52.0
359,1680.8381317785593,50.0,52.0
360,1679.906258214024,50.19828798597915,52.07979609436268
361,1678.9217312025544,50.0,52.0
362,1677.9372041910851,50.0,52.0
363,1676.9526771796156,50.0,52.0
364,1675.9681501681457,50.0,52.0
365,1675.0404123611254,50.20659074333365,52.07967528768336
366,1674.0558853496568,50.0,52.0
367,1673.0713583381876,50.0,52.0
368,1672.0868313267179,50.0,52.0
369,1671.1023043152493,50.0,52.0
370,1670.1744169815543,50.20614372705482,52.07955432772831
371,1669.1898899700839,50.0,52.0
372,1668.2053629586144,50.0,52.0
373,1667.2208359471454,50.0,52.0
374,1666.2363089356766,50.0,52.0
375,1665.3037402144803,50.196430224882455,52.07943321410247
376,1664.3192132030097,50.0,52.0
377,1663.334686191541,50.0,52.0
378,1662.3501591800714,50.0,52.0
379,1661.3656321686024,50.0,52.0
380,1660.4374339666942,50.20522479845334,52.079311946409206
381,1659.4529069552254,50.0,52.0
382,1658.4683799437553,50.0,52.0
383,1657.4838529322867,50.0,52.0
384,1656.4993259208175,50.0,52.0
385,1655.5668352012915,50.196325449715694,52.079190524250336
386,1654.5823081898213,50.0,52.0
387,1653.59778117835,50.0,52.0
388,1652.6132541668808,50.0,52.0
389,1651.6287271554122,50.0,52.0
390,1650.7002162029785,50.20430188227547,52.07906894722611
391,1649.71568919151,50.0,52.0
392,1648.7311621800407,50.0,52.0
393,1647.746635168571,50.0,52.0
394,1646.7621081571017,50.0,52.0
395,1645.8334445300081,50.20384810053851,52.07894721493518
396,1644.8489175185396,50.0,52.0
397,1643.8643905070699,50.0,52.0
398,1642.8798634955986,50.0,52.0
399,1641.8953364841295,50.0,52.0
400,1640.9665634996336,50.20348048069197,52.07882532697463
401,1639.982036488165,50.0,52.0
402,1638.997509476696,50.0,52.0
403,1638.012982465226,50.0,52.0
404,1637.0284554537566,50.0,52.0
405,1636.0876463291543,50.17842771794713,52.07870328293995
406,1635.103119317684,50.0,52.0
407,1634.118592306215,50.0,52.0
408,1633.1340652947454,50.0,52.0
409,1632.1495382832748,50.0,52.0
410,1631.2205311666673,50.20271051558503,52.07858108242498
411,1630.236004155198,50.0,52.0
412,1629.2514771437295,50.0,52.0
413,1628.268302452949,50.0,52.0
414,1627.28718210934,50.0,52.0
415,1626.3614756818615,50.202349173252415,52.07845872502201
416,1625.380355338252,50.0,52.0
417,1624.399234994642,50.0,52.0
418,1623.4181146510332,50.0,52.0
419,1622.436994307423,50.0,52.0
420,1621.4953299236458,50.13405463294813,52.046901879522466
421,1620.5142095800354,50.0,52.0
422,1619.5330892364263,50.0,52.0
423,1618.551968892817,50.0,52.0
424,1617.5708485492078,50.0,52.0
425,1616.633339106751,50.142430759094744,52.04681359614449
426,1615.652218763141,50.0,52.0
427,1614.6710984195308,50.0,52.0
428,1613.689978075922,50.0,52.0
429,1612.7088577323125,50.0,52.0
430,1611.7715845665086,50.14929900130641,52.05246366653032
431,1610.790464222898,50.0,52.0
432,1609.8093438792873,50.0,52.0
433,1608.8282235356787,50.0,52.0
434,1607.8471031920687,50.0,52.0
435,1606.9209461055948,50.20059063674128,52.077740953806654
436,1605.9398257619846,50.0,52.0
437,1604.9587054183748,50.0,52.0
438,1603.977585074765,50.0,52.0
439,1602.9964647311558,50.0,52.0
440,1602.0664036321166,50.1924954569533,52.07761754554897
441,1601.0852832885066,50.0,52.0
442,1600.1041629448957,50.0,52.0
443,1599.1230426012849,50.0,52.0
444,1598.1419222576762,50.0,52.0
445,1597.2064200874172,50.181172183409466,52.07749397732044
446,1596.2252997438084,50.0,52.0
447,1595.244179400199,50.0,52.0
448,1594.2630590565896,50.0,52.0
449,1593.281938712979,50.0,52.0
450,1592.3554280370647,50.199429077744405,52.077370248699644
451,1591.3743076934554,50.0,52.0
452,1590.3931873498457,50.0,52.0
453,1589.412067006235,50.0,52.0
454,1588.4309466626235,50.0,52.0
455,1587.5043268107413,50.19905988092173,52.07724635926349
456,1586.523206467132,50.0,52.0
457,1585.5420861235227,50.0,52.0
458,1584.5609657799137,50.0,52.0
459,1583.5798454363046,50.0,52.0
460,1582.63814328863,50.14438324507704,52.05616168939034
461,1581.6570229450213,50.0,52.0
462,1580.6759026014122,50.0,52.0
463,1579.694782257803,50.0,52.0
464,1578.7136619141918,50.0,52.0
465,1577.7752520033348,50.13955050760185,52.04593654885704
466,1576.7941316597257,50.0,52.0
467,1575.813011316117,50.0,52.0
468,1574.831890972508,50.0,52.0
469,1573.8507706288985,50.0,52.0
470,1572.919842350422,50.189658361395615,52.07671427046224
471,1571.9387220068104,50.0,52.0
472,1570.9576016632018,50.0,52.0
473,1569.9764813195927,50.0,52.0
474,1568.9953609759832,50.0,52.0
475,1568.0461417544393,50.100340778337944,52.03083234231194
476,1567.0650214108277,50.0,52.0
477,1566.083901067218,50.0,52.0
478,1565.1027807236096,50.0,52.0
479,1564.1216603800003,50.0,52.0
480,1563.1944501003409,50.19675273497128,52.07629802529198
481,1562.2133297567311,50.0,52.0
482,1561.2322094131205,50.0,52.0
483,1560.2510890695116,50.0,52.0
484,1559.2699687259017,50.0,52.0
485,1558.3426467858762,50.196377207313525,52.076172720674805
486,1557.3615264422663,50.0,52.0
487,1556.3804060986547,50.0,52.0
488,1555.3992857550456,50.0,52.0
489,1554.4181654114366,50.0,52.0
490,1553.4907314062962,50.19600072081062,52.07604725101976
491,1552.509611062687,50.0,52.0
492,1551.528490719077,50.0,52.0
493,1550.5473703754667,50.0,52.0
494,1549.5662500318579,50.0,52.0
495,1548.6311058845922,50.17980820898245,52.07592161588473
496,1547.6499855409827,50.0,52.0
497,1546.668865197373,50.0,52.0
498,1545.6877448537618,50.0,52.0
499,1544.7066245101516,50.0,52.0
500,1543.77554665807,50.18829851675665,52.07579581482581
501,1542.794426314461,50.0,52.0
502,1541.8133059708523,50.0,52.0
503,1540.8321856272423,50.0,52.0
504,1539.851065283632,50.0,52.0
505,1538.9182188831576,50.18445775102467,52.07566984739729
506,1537.9370985395474,50.0,52.0
507,1536.9559781959376,50.0,52.0
508,1535.9748578523281,50.0,52.0
509,1534.9937375087175,50.0,52.0
510,1534.0658182148804,50.19441504399793,52.07554371315159
511,1533.0846978712718,50.0,52.0
512,1532.1035775276616,50.0,52.0
513,1531.1224571840526,50.0,52.0
514,1530.1413368404424,50.0,52.0
515,1529.2017720870108,50.135923998572984,52.04486643684458
516,1528.2206517434013,50.0,52.0
517,1527.2395313997927,50.0,52.0
518,1526.2584110561825,50.0,52.0
519,1525.2772907125723,50.0,52.0
520,1524.3264412457456,50.08497624726456,52.02021089817082
521,1523.3453209021352,50.0,52.0
522,1522.3642005585266,50.0,52.0
523,1521.3830802149166,50.0,52.0
524,1520.4019598713078,50.0,52.0
525,1519.4625184652275,50.1425251162316,52.0504939247972
526,1518.4813981216175,50.0,52.0
527,1517.5002777780078,50.0,52.0
528,1516.5191574343987,50.0,52.0
529,1515.538037090789,50.0,52.0
530,1514.604727813455,50.18242730650986,52.07472613460425
531,1513.6236074698445,50.0,52.0
532,1512.6424871262336,50.0,52.0
533,1511.6613667826246,50.0,52.0
534,1510.6802464390148,50.0,52.0
535,1509.7376661842243,50.14068315865143,52.054534208959424
536,1508.7565458406148,50.0,52.0
537,1507.7754254970052,50.0,52.0
538,1506.7943051533953,50.0,52.0
539,1505.813184809786,50.0,52.0
540,1504.8694966677804,50.126712097677625,52.044159621311906
541,1503.8883763241702,50.0,52.0
542,1502.9072559805597,50.0,52.0
543,1501.9261356369489,50.0,52.0
544,1500.9450152933398,50.0,52.0
545,1500.0162320491838,50.19107404620524,52.0741821185734
546,1499.035111705575,50.0,52.0
547,1498.0539913619648,50.0,52.0
548,1497.0728710183546,50.0,52.0
549,1496.0917506747446,50.0,52.0
550,1495.152398540683,50.16911359718623,52.0740540359123
551,1494.171278197074,50.0,52.0
552,1493.1901578534644,50.0,52.0
553,1492.2090375098535,50.0,52.0
554,1491.2279171662424,50.0,52.0
555,1490.2988775581975,50.19024884342793,52.07392578078926
556,1489.3177572145885,50.0,52.0
557,1488.336636870979,50.0,52.0
558,1487.3555165273704,50.0,52.0
559,1486.3743961837604,50.0,52.0
560,1485.4422507227373,50.18380287902251,52.0737973527318
561,1484.461130379129,50.0,52.0
562,1483.4800100355194,50.0,52.0
563,1482.49888969191,50.0,52.0
564,1481.5177693482997,50.0,52.0
565,1480.5773473550037,50.13952799882309,52.04965354886057
566,1479.5962270113946,50.0,52.0
567,1478.615106667785,50.0,52.0
568,1477.633986324176,50.0,52.0
569,1476.652865980567,50.0,52.0
570,1475.7201351321169,50.18220674892021,52.07345809606841
571,1474.7390147885062,50.0,52.0
572,1473.7600973317042,50.0,52.0
573,1472.782383655954,50.0,52.0
574,1471.8046699802044,50.0,52.0
575,1470.8785407076061,50.18854153755027,52.07332903619127
576,1469.900827031855,50.0,52.0
577,1468.9231133561052,50.0,52.0
578,1467.9453996803554,50.0,52.0
579,1466.9676860046059,50.0,52.0
580,1466.034169604773,50.173047949519926,52.073199801173075
581,1465.056455929023,50.0,52.0
582,1464.0787422532728,50.0,52.0
583,1463.1010285775235,50.0,52.0
584,1462.123314901773,50.0,52.0
585,1461.1717427333442,50.08734463807199,52.029826897594646
586,1460.194029057594,50.0,52.0
587,1459.2163153818437,50.0,52.0
588,1458.2386017060933,50.0,52.0
589,1457.2608880303437,50.0,52.0
590,1456.334364487398,50.187091564888405,52.072771100350664
591,1455.3566508116483,50.0,52.0
592,1454.3789371358978,50.0,52.0
593,1453.401223460148,50.0,52.0
594,1452.4235097843984,50.0,52.0
595,1451.4857530229058,50.13730307603815,52.04905119888117
596,1450.5080393471562,50.0,52.0
597,1449.5303256714062,50.0,52.0
598,1448.5526119956558,50.0,52.0
599,1447.5748983199053,50.0,52.0
600,1446.6454203511948,50.180713910723426,52.07242850246895
601,1445.6677066754455,50.0,52.0
602,1444.689992999696,50.0,52.0
603,1443.7122793239457,50.0,52.0
604,1442.734565648196,50.0,52.0
605,1441.8076637717852,50.185771600027756,52.072298023610784
606,1440.8299500960356,50.0,52.0
607,1439.852236420285,50.0,52.0
608,1438.874522744535,50.0,52.0
609,1437.8968090687845,50.0,52.0
610,1436.9559132464444,50.13537674393606,52.0530212726072
611,1435.9781995706953,50.0,52.0
612,1435.0004858949453,50.0,52.0
613,1434.022772219196,50.0,52.0
614,1433.047642952781,50.0,52.0
615,1432.1124116620356,50.12790863055392,52.042339180275235
616,1431.1381046541458,50.0,52.0
617,1430.163797646255,50.0,52.0
618,1429.1894906383648,50.0,52.0
619,1428.2151836304743,50.0,52.0
620,1427.2786685940287,50.158405718297466,52.071742194798745
621,1426.3043615861375,50.0,52.0
622,1425.3300545782483,50.0,52.0
623,1424.355747570358,50.0,52.0
624,1423.3814405624685,50.0,52.0
625,1422.45740525939,50.183874531379246,52.07161077326493
626,1421.4830982514993,50.0,52.0
627,1420.508791243609,50.0,52.0
628,1419.5344842357185,50.0,52.0
629,1418.560177227828,50.0,52.0
630,1417.6252086283541,50.140008272344886,52.05262325261839
631,1416.6509016204627,50.0,52.0
632,1415.6765946125722,50.0,52.0
633,1414.7022876046824,50.0,52.0
634,1413.7279805967921,50.0,52.0
635,1412.7928895980292,50.13966240929831,52.05254225928963
636,1411.8185825901394,50.0,52.0
637,1410.844275582249,50.0,52.0
638,1409.8699685743584,50.0,52.0
639,1408.8956615664686,50.0,52.0
640,1407.960447680358,50.139315509089954,52.052461163259466
641,1406.9861406724679,50.0,52.0
642,1406.0118336645776,50.0,52.0
643,1405.037526656686,50.0,52.0
644,1404.0632196487957,50.0,52.0
645,1403.1229299305496,50.11661418083092,52.04150261039441
646,1402.14862292266,50.0,52.0
647,1401.1743159147707,50.0,52.0
648,1400.2000089068806,50.0,52.0
649,1399.2257018989897,50.0,52.0
650,1398.301003813733,50.18137302564649,52.070609050690834
651,1397.326696805843,50.0,52.0
652,1396.3523897979521,50.0,52.0
653,1395.3780827900623,50.0,52.0
654,1394.403775782171,50.0,52.0
655,1393.4720212937993,50.16686541315587,52.070476020708554
656,1392.4977142859088,50.0,52.0
657,1391.524513876934,50.0,52.0
658,1390.553613536904,50.0,52.0
659,1389.5827131968738,50.0,52.0
660,1388.6611495122963,50.180508832092706,52.07034280431576
661,1387.690249172266,50.0,52.0
662,1386.7193488322348,50.0,52.0
663,1385.7484484922038,50.0,52.0
664,1384.7775481521737,50.0,52.0
665,1383.8490709721073,50.166296961502866,52.07020940097985
666,1382.8781706320767,50.0,52.0
667,1381.9072702920464,50.0,52.0
668,1380.9363699520168,50.0,52.0
669,1379.9654696119867,50.0,52.0
670,1379.0395300430537,50.17127430446387,52.070075810165854
671,1378.0686297030238,50.0,52.0
672,1377.0977293629933,50.0,52.0
673,1376.1268290229627,50.0,52.0
674,1375.155928682932,50.0,52.0
675,1374.2207408273312,50.126472340529936,52.047145234606795
676,1373.2507332322746,50.0,52.0
677,1372.2832395601038,50.0,52.0
678,1371.3157458879334,50.0,52.0
679,1370.3482522157635,50.0,52.0
680,1369.42954046789,50.178664631628166,52.069724690877344
681,1368.4620467957195,50.0,52.0
682,1367.4945531235487,50.0,52.0
683,1366.5270594513784,50.0,52.0
684,1365.5595657792073,50.0,52.0
685,1364.6299698181022,50.13582721563236,52.05156695733952
686,1363.6624761459316,50.0,52.0
687,1362.69498247376,50.0,52.0
688,1361.7274888015888,50.0,52.0
689,1360.759995129419,50.0,52.0
690,1359.8370398311288,50.16960544960805,52.06936658452863
691,1358.869546158959,50.0,52.0
692,1357.902052486788,50.0,52.0
693,1356.9345588146182,50.0,52.0
694,1355.9670651424476,50.0,52.0
695,1355.0479433813841,50.177262757188565,52.06923178613402
696,1354.080449709213,50.0,52.0
697,1353.112956037042,50.0,52.0
698,1352.1454623648701,50.0,52.0
699,1351.1779686926986,50.0,52.0
700,1350.2476719318297,50.12882883889491,52.04660921674988
701,1349.2827516100833,50.0,52.0
702,1348.3186646057732,50.0,52.0
703,1347.3545776014623,50.0,52.0
704,1346.390490597152,50.0,52.0
705,1345.4725888141345,50.17244669317292,52.068877859603106
706,1344.5085018098234,50.0,52.0
707,1343.5444148055126,50.0,52.0
708,1342.580327801201,50.0,52.0
709,1341.6162407968895,50.0,52.0
710,1340.7001154680347,50.17586506218597,52.06874236675596
711,1339.7360284637239,50.0,52.0
712,1338.774980486105,50.0,52.0
713,1337.8143001496549,50.0,52.0
714,1336.8536198132042,50.0,52.0
715,1335.9407666819,50.17543484289524,52.06860668036284
716,1334.9804780822408,50.0,52.0
717,1334.0232044136494,50.0,52.0
718,1333.0659307450578,50.0,52.0
719,1332.1086570764662,50.0,52.0
720,1331.199075587169,50.17500336888789,52.06847079985949
721,1330.2418019185777,50.0,52.0
722,1329.284528249986,50.0,52.0
723,1328.3272545813943,50.0,52.0
724,1327.3699809128038,50.0,52.0
725,1326.458509399489,50.1710405122492,52.06833472467913
726,1325.5012357308979,50.0,52.0
727,1324.5439620623056,50.0,52.0
728,1323.5866883937147,50.0,52.0
729,1322.6324017599436,50.0,52.0
730,1321.7259506685657,50.17412741237375,52.06819845425247
731,1320.7720836678338,50.0,52.0
732,1319.8182166671015,50.0,52.0
733,1318.8643496663697,50.0,52.0
734,1317.9104826656383,50.0,52.0
735,1316.981463359504,50.07056208043567,52.01740773257907
736,1316.0275963587735,50.0,52.0
737,1315.0737293580423,50.0,52.0
738,1314.1198623573102,50.0,52.0
739,1313.1696151769343,50.0,52.0
740,1312.2660305654545,50.16560214257323,52.067764627034364
741,1311.3189769004423,50.0,52.0
742,1310.3719232354301,50.0,52.0
743,1309.4248695704175,50.0,52.0
744,1308.4778159054056,50.0,52.0
745,1307.5720716763076,50.161090965695465,52.06762755776538
746,1306.6250180112966,50.0,52.0
747,1305.677964346285,50.0,52.0
748,1304.7309106812727,50.0,52.0
749,1303.783857016261,50.0,52.0
750,1302.8726342762586,50.12490740385104,52.04562875886404
751,1301.9255806112458,50.0,52.0
752,1300.9785269462332,50.0,52.0
753,1300.031473281221,50.0,52.0
754,1299.084419616208,50.0,52.0
755,1298.182544609167,50.168549440461106,52.067268294293186
756,1297.2354909441544,50.0,52.0
757,1296.2884372791425,50.0,52.0
758,1295.341383614131,50.0,52.0
759,1294.3943299491186,50.0,52.0
760,1293.4938214241674,50.17113340608174,52.067130507349894
761,1292.546767759156,50.0,52.0
762,1291.5997140941436,50.0,52.0
763,1290.6555585876629,50.0,52.0
764,1289.71191159051,50.0,52.0
765,1288.8165098472625,50.17068961830622,52.06699252019209
766,1287.8762695179705,50.0,52.0
767,1286.9364475025316,50.0,52.0
768,1285.9996138410986,50.0,52.0
769,1285.062780179666,50.0,52.0
770,1284.1722103083537,50.17024449477213,52.066854332225816
771,1283.235685188143,50.0,52.0
772,1282.3027254425203,50.0,52.0
773,1281.3727051168073,50.0,52.0
774,1280.446081895201,50.0,52.0
775,1279.565590450554,50.16979802722252,52.06671594285442
776,1278.6389767927003,50.0,52.0
777,1277.712363134846,50.0,52.0
778,1276.7857494769935,50.0,52.0
779,1275.8591358191395,50.0,52.0
780,1274.9671121511813,50.11424472825509,52.03842417781045
781,1274.0404984933275,50.0,52.0
782,1273.1138848354742,50.0,52.0
783,1272.1872711776211,50.0,52.0
784,1271.2606575197672,50.0,52.0
785,1270.378138576921,50.16530807787431,52.06636162540874
786,1269.451524919067,50.0,52.0
787,1268.524911261213,50.0,52.0
788,1267.5982976033588,50.0,52.0
789,1266.6716839455057,50.0,52.0
790,1265.7907550148395,50.16834484709786,52.0662225371903
791,1264.8641413569862,50.0,52.0
792,1263.9375276991323,50.0,52.0
793,1263.010914041279,50.0,52.0
794,1262.084300383426,50.0,52.0
795,1261.2032273904722,50.16789276502561,52.06608324493738
796,1260.2766137326184,50.0,52.0
797,1259.3500000747647,50.0,52.0
798,1258.4233864169107,50.0,52.0
799,1257.4984607963977,50.0,52.0
800,1256.6142750350227,50.15426415640143,52.06594374803878
